Utiliser;pays;nom;Capitale;description;bons plans;prix de l'hébergement;coût de la vie;janvier;février;mars;avril;mai;juin;juillet;août;septembre;octobre;novembre;décembre;latitude;longitude;;;;;
non;Afrique du Sud;Johannesburg;;;"> Comprendre les racines de la situation actuelle du pays en visitant le musée de l'apartheid.
> Le soir, aller écouter un groupe de jazz dans un bar de Newtown
> Eviter Hillbrow, quartier en amélioration mais qui reste assez mal fréquenté, surtout pour les touristes.
> Visiter Soweto (accompagné d'un guide),  ville originellement destinée aux travailleurs noirs,et maintenant devenue la deuxième plus grande ville d'Afrique du Sud.
> Se prendre pour un chercheur d'or à Kromdraai (20 min de Johannesburg).
> Découvrir la faune dans une ""mini"" réserve de 2km², le ""lion park"" (à 1h de Johannesburg)";11;25;2;3;3;2;1;1;1;1;1;3;3;2;-26.1593862;28.0258656;;;;;
non;Afrique du Sud;Le Cap;;;"> Bruncher dans l'ambiance conviviale de Goodneighbour Market, installée dans une ancienne biscuiterie (le samedi matin)
> Sortir la nuit sur Long Street, qui regroupe de nombreux bars, boites et restos
> S'émerveiller devant les plages du bouts du monde à la péninsule du Cap,y rencontrer des manchots.
> De Novembre à Mars, écouter un concert gratuit le dimanche au coeur du jardin botanique Kirstenbosch.
> Louer en vélo pour monter la montagne Table, s'y attarder pour la vue exceptionnelle sur la ville
> Déguster les fameux vins Sud Africains lors d'un road trip autour de Stellenbosch.";11;26;3;3;3;3;1;1;1;1;1;3;3;3;-33.9753806;18.4553078;;;;;
oui;Algérie;Alger;oui;"L’histoire d’Alger débute il y a 3 millénaires, c’était alors un important comptoir phénicien. Sous influence Romaine à partir de -200, puis berbère, c’est en 710 qu’est introduit l'Islam dans la ville. Colonisée en 1830 par la France, c’est suite à la Guerre d'Algérie en 1962, que Alger devient la capitale de l’Algérie désormais indépendante.
Surnommée Alger la joyeuse ou encore Alger la blanche en raison des bâtiments d'architecture coloniale et locale d'un blanc étincelant, la ville compte de nombreuses mosquées somptueuses, comme la Grande Mosquée (11ème siècle) ou la mosquée Sidi Abd al-Rahman (18ème).
De nos jours, Alger est une ville jeune et dynamique. La vie y est trépidante et l’activité économique, scientifique, sociale et culturelle y est très riche.";"> Visiter les grottes de Cervantès.

> Découvrir le Jardin d'Essai du Hamma.
 
 > Faire une balade au port de Sidi Fredj.
 
 > Se cultiver au musée national du Bardo.
 
 > Se rendre au parc aquatique Aquafortland pour se rafraîchir l'été.";14;10;2;2;2;2;3;3;3;3;3;3;2;2;36.748550;3.076529;;;;;
non;Allemagne;Berlin;oui;;"> Profiter des marchés de noël en Décembre
 
 > Découvrir vestige le plus important du mur de Berlin, la East Side Gallery.
 
 > Visiter Berlin sur la Spree en bateau.
 
 > Se rendre au Café de Moscou, un des endroits les plus animés de la ville.";14;40;0;0;1;2;3;3;3;3;3;2;1;0;52.516304;13.3766257;;;;;
oui;Argentine;Buenos Aires;oui;"Fondée en 1580 par des colons Espagnols, la ville a prospéré grâce au commerce du cuir. A la fin du 18ème siècle, la ville connue une forte croissance grâce à une importante immigration de Français, d'Italiens et d'Espagnols. Au cours du 20ème siècle, les militaires ont à plusieurs reprises pris le pouvoir, avant de laisser définitivement place à la démocratie en 1983.
Aujourd’hui Buenos Aires est toujours majoritairement peuplée de descendants de colons européens. Le quartier de La Boca (voir photo) rappelle les rues de Naples, les hôtels particuliers de la Recoleta ont un style très Parisien et les larges avenues du centre-ville évoquent celles de Madrid.
Commencez par parcourir l’histoire de la ville sur la Plaza de Mayo, puis initiez-vous au tango dans une ""milongas"" du quartier de San Telmo, et enfin assistez à une rencontre de football au stade de La Bombonera, et vous découvrirez le charme de Buenos Aires !";"> Flâner dans la Boca (rue commerçante très animée).
> Partir à la découverte des 40 plaques commémoratives aux grands danseurs de tango sur « Avenue Corrientes ».
> Admirer le Tango dansé par les Argentins.
> Regarder un match de football. 
> Goûter à un morceau de boeuf argentin.";14;25;3;3;3;3;1;1;1;1;1;2;3;3;-34.6084373;-58.373264;;;;;
oui;Argentine;Ushuaia;;"Découvert par Magellan en 1520, les navigateurs espagnols baptisèrent la région ""Terre de Feu""  car ils observèrent du feu et de la fumée sur les côtes. Ushuaïa fut fondée le 12 octobre 1884. La ville abrita d’abord une prison et les prisonniers devinrent les premiers colons.
Souvent citée comme la plus australe du globe, la petite ville d’Ushuaïa, est très loin des paysages exotiques des pubs pour le savon du même nom...  Située en Antarctique, c'est un lieu incontournable pour les routards en quête d'aventures au bout du monde. On y vient pour observer les manchots, baleines, ainsi que pour ses vastes paysages. Bien qu'en Argentine, elle diffère grandement du reste du pays. Attention, la température est froide en été comme en hiver !";"> Partir en randonnée sur les chemins du parc national Tierra del Fuego.
> Se rendre à l'office du tourisme pour faire tamponner gratuitement son passeport avec un tampon original.
> Faire une croisière sur le canal de Beagle.
> Regarder les magnifiques coucher de soleil.";21;23;1;1;1;1;0;0;0;0;0;1;1;1;-54.8060457;-68.3002905;;;;;
non;Australie;Melbourne;;;"> le mercredi soir, aller au Victoria market écouter un concert live tout en dégustant des spécialités locales.
> Boire un cocktail inventif dans un bar situé sur les toits (Brunswick Street).
> Observer les kangorous, wallaby, koala et pingouins sur la Philip Island (en dehors de Melbourne).
> Découvrir les meilleurs crus d'Australie en suivant la route des vins de la Yarra Valley";19;41;3;3;3;3;2;2;2;2;2;2;3;3;-37.821068;144.9573438;;;;;
non;Australie;Perth;;;"> Vous promener à Kings' Park et pourquoi pas y organiser un barbecue (à disposition gratuitement).
> Pécher de nuit dans la Swan River pour un moment apaisant.
> La nuit, aller boire un verre dans le quartier animé de Northbridge.
> S'émerveiller devant les plages magnifiques de Cottesloe ou Scarborough (idéal pour s'initier au surf).
> Le weekend, déambuler dans le marché de Freemantle et en profiter pour y manger un fish and chips
> à 160km au nord, s'étonner des Pinnacles dresser en plein désert. L'occasion aussi de s'essayer au sandsurf sur les dunes de sable";19;38;3;3;2;2;2;1;1;1;3;3;3;3;-31.960906;115.8300042;;;;;
oui;Australie;Sydney;;"Habitée depuis déjà plusieurs millénaires par les aborigènes, c'est ici qu'en  1788 s'établit la première colonie britannique. A l'origine fondée en tant que colonie pénitentiaire, la ville prendra de l'ampleur après la découverte de gisement d'or dans l'état voisin. Base navale et aérienne des alliés durant la seconde guerre mondiale, elle devint par la suite le centre économique et financier d'Australie.
Aujourd'hui Sydney est la ville la plus cosmopolite et la plus peuplée d'Océanie. Construite autour d'une des plus belles baies du monde, elle est riche en beautés naturelles, en musée et en activité en tout genre.
Partez à la rencontre du fameux ""layback"", art de vivre privilégié des Australiens, et découvrez pourquoi Sydney est devenue l'emblème de l'Australie.";"> Grimper en haut du plus haut pont de Sydney.
> Cotoyer les baleines en pleine mer.
> Musarder sur le marché paysans et goûter de bons produits locaux (eveleigh market, chaque samedi).
> Affronter son vertige en marchant dans le vide du haut de la tour de Sydney.
> Visiter l'emblématique opéra de Sydney tôt le matin (visite guidée toutes les 1/2h).";19;40;3;3;2;2;2;1;1;1;3;3;3;3;-33.8568935;151.2151438;;;;;
oui;Autriche;Vienne;oui;"Fondé par les Celtes, au VIème siècle avant JC, Vienne fut occupée par les Romains. Au cours du moyen âge la ville devient la capitale du Saint-Empire romain germanique. Assiégé par les Ottomans, occupée par Napoléon puis annexée par l’Allemagne Nazie, la capitale Autrichienne retrouve son indépendance en 1955.
Cette ancienne capitale impériale abrite de nombreux palais : Hofburg, palais impérial et résidence de la dynastie des Habsbourg pendant plus de six siècles, Schönbrunn, le ""Versailles autrichien"" qui abrite un zoo et un parc magnifique (photo ci-dessus), ou encore le Belvédère qui est l’un des plus grands palais baroques de Vienne.
Réputée pour sa qualité de vie, Vienne est l’une des capitales culturelles de l’Europe. La ville est devenue une cité cosmopolite où tradition et innovation se côtoient : baroque et art nouveau, Valse et Techno ou encore café Viennois et vin. En  2015 Vienne a été reconnue comme la ville la plus agréable à vivre  au monde !";"> Marcher dans la ville et apprécier son architecture flamboyante.
 
 > Prendre un cours de valse dans l'une des écoles de danse de la ville.
 
 > L'été, profiter des concerts / ballet gratuits en plein air sur la place de l'hôtel de ville.
 
 > L'hiver, assister à l'un des nombreux bals
 
 > Se rendre sur les tombes de Beethoven, Schubert, Brahms, Strauss, Schönberg, Stolz au cimetière de Zentralfriedhof.
 
 > Déguster un café Viennois et une torte dans le café Sacher.";17;49;0;0;0;1;2;3;3;3;3;1;1;0;48.2080183;16.3662545;;;;;
non;Belgique;Bruxelles;oui;;"> Manger une gaufre liégoise, bien chaude, moelleuse et sucrée, chez Dandoy
> Admirer la grande place, de jour comme de nuit.
> Faire un tour dans les marolles le dimanche matin pour voir son célèbre marché aux puces
> Aller voir le Manneken Pis, symbole de la ville.
> Flâner dans les élégantes galeries Saint-Hubert.
> Marcher sous la structure de l’Iceberg qui émet des sons et lumières quand on passe chacun de ces arceaux";23;46;0;1;1;1;1;3;3;3;3;1;1;1;50.8439026;4.3469415;;;;;
non;Belize;Belmopan;oui;;;15;35;2;3;3;3;1;1;1;0;0;0;1;1;17.4719143;-88.2499659;;;;;
non;Birmanie;Mandalay;;;"> Découvrir autour de la pagode Mahamuni les différents artisanats (sculture de bouddha, fabrication de feuille d'or ...).
> Admirer le pont U Bein, plus long pont en teck du monde (1,2 km), où vont et viennent les moines.
> Visiter la stupa inachevée ""paya de Mingun"" où l'on se rend en bateau depuis Mandalay.
> Passer par Monywa, peu connu, où entouré de singes, vous admirerez les grottes de Hpo Win Daung.
> S'arréter à Kyaukmyaung, village de potier au bord du fleuve.";13;19;3;3;3;1;0;1;2;3;3;2;3;3;21.9928622;96.0854468;;;;;
non;Birmanie;Rangoon;oui;;;13;10;3;3;3;1;1;0;0;0;0;0;2;3;16.798438;96.148913;;;;;
non;Bolivie;La Paz;;;"> Se rendre à la place Murillo où est érigé le palais législatif, et à la place San Francisco abritant la cathédrale.
 
 > Apprécier l'architecture des belles maisons coloniales de la calle Jaen.
 
 > Parcourir les marchés artisanaux de la calle Sagarnaga ou le marché de la sorcellerie.
 
 > Profiter de l'animation de l'Avenida del sol.";8;15;1;1;1;1;1;1;1;1;1;1;1;1;-16.4955017;-68.134689;;;;;
non;Brésil;Rio de Janeiro;;;"> Boire une caipirhina dans un café donnant sur la célèbre plage de Copacabana.
> Monter jusqu'au Corcovado ou au pain de sucre pour avoir une vue magnifique sur l'ensemble de la ville.
> Se perdre dans le parc national de Tijuca pour un instant nature ainsi que pour découvrir la faune et flore locale.
> Goûter à la vie locale en mangeant un Feijoada dans le quartier haut en couleurs de Santa Teresa.";9;26;2;2;2;3;3;3;3;3;3;3;3;2;-22.922188;-43.168282;;;;;
non;Bulgarie;Sofia;oui;;"> S'offrir une vodka dans l'un des petits bars de la ville
> Déguster un assortiment de viandes et légumes grillés dans une mehana (restaurant traditionnel).
> Aller voir l'église de Boyana, datant du 13ème siècle et classée au patrimoine mondial par l'UNESCO.
> Visiter la cathédrale Alexandre Nevski, une des plus grandes d'Europe, et son marché de souvenirs communistes.";8;30;0;0;1;1;2;3;3;3;3;1;1;0;42.6958001;23.3326573;;;;;
oui;Cambodge;Phnom Penh;oui;"Fondée en 1434, Phnom Penh resta un village jusqu'à l'arrivée des colons français. C'est donc au 19ème siècle que ""la perle d'Asie"" s'étendit et acquit son palais royal et ses bâtiments coloniaux. Après cette faste période vinrent les atrocités lorsqu'en 1975, la ville tomba aux mains des Khmers rouges. Elle n'est libérée par les vietnamiens que 4 ans plus tard. Cependant 80% de la population avait déjà péri à cause des privations et de la torture. Le musée Tuol Sieng permet de se rendre compte de l'horreur de cette période.
Aujourd'hui la capitale du Cambodge renaît et est en plein essor. Elle mêle passé et présent, pauvreté absolue et richesse extrême. La mutation en cours en fait une des plus plaisantes capitales d'Asie en devenir.
Entre le charme de ses pagodes, ses marchés grouillant de vie, le musée national rassemblant les plus belles oeuvres Khmers au monde, 2 à 3 jours ne sont pas de trop pour découvrir les attraits de Phnom Penh.";"> Se méler à l'ambiance survoltée de la foule assistant à un combat de boxe Khmer (gratuit les samedis et dimanches devant le studio CTN).
> Donner de son temps pour une association caritative (CHOICE). Départ d'une journée tous les matins.
> S'émerveiler devant la beauté du palais royal.
> Le weekend,  se balader sur le marché de nuit Phsar Reatrey, le long du quai Sisowath.
> Se remettre en forme avec une scéance de sport collective au stade Olympique.
> Accorder un moment de réflexion face aux atrocités vécus sous le règne Khmer avec la visite du musée du génocide.";6;17;3;3;3;2;2;2;1;1;1;2;2;3;11.5644048;104.92994;;;;;
non;Cambodge;Siem Reap;;;"> Voir le levé du jour donné une aura mystique aux temples d'Angkor.
> Faire une balade en remorque pour découvrir les charmes de la campagne alentours (rizières, villages sur piloti...).
> Participer à une bonne cause en prenant un cours de poterie au Centre de la Céramique Khmer. La visite simple est gratuite.
> Sortir du centre ville pour goûter la délicieuse cuisine Khmer.
ATTENTION:  ne pas quitter les chemins balisés dans la campagne, il reste encore de nombreuses mines.";5;21;3;3;2;1;2;1;1;1;1;2;3;3;13.4124876;103.8662776;;;;;
non;Canada;Montreal;;;"> Flâner dans le superbe Jardin botanique de Montréal, qui ouvre ses portes gratuitement chaque soir à partir de 18 heures.
> En été, profiter du concours international de feux d'artifice pour en prendre plein les yeux.
> Début juillet, assister à l'un des très nombreux concerts gratuits lors du Festival de Jazz.
> Prendre un bon bol d'air pur en allant promener au Parc du Mont Royal  et avoir une vue magnifique sur la ville.
> S'immerger dans une ambiance ""vieux continent"" en flânant dans la vieille ville de Montreal et ses rues pavés.
> Fureter dans le marché ""Jean Talon"", temple des produits frais et artisanaux (goûter le cidre des glaces... un délice).";15;35;0;0;0;0;1;3;3;3;1;1;0;0;45.5047434;-73.5572577;;;;;
oui;Canada;Québec;;"Fondée par les français en 1608 pour devenir la capitale coloniale de la ""Nouvelle-France"", Québec tombe aux mains dans troupes britanniques en 1759. Elle a été la capitale (partagée avec Toronto) du Canada-Uni de 1859 à 1865, ce qui lui vaut le surnom de ""Vieille Capitale "".
De son passé coloniale elle a gardé, outre la langue française, son imposant Château Frontenac, ses charmantes petites rues pavées, sa citadelle en étoile et le marché du vieux port. Ces spécificités lui ont permis d’être inscrite au patrimoine mondial de l’UNESCO. Mais il suffit de sortir des remparts pour voir la ville moderne, avec ses jardins publics potagers devant le parlement, ses murs couverts d’art de rue, ses musées … 
Bien que le Canada soit connu comme une destination hivernale, la ville foisonne d’activités toute l’année, en été, les festivals s’enchainent dans les rues et l’hiver les activités en plein air sont légion.";"> Déambuler dans le quartier historique du petit Champlain, avec ses rues pavés. N'hésitez pas a entrer dans le magasin de gravure sur bois pour voir travailler le sculpteur.
> Visiter l'église Notre Dâme de Québec, la plus vieille paroisse d'Amérique du Nord.
> Participer à une visite guidée de nuit sur l'histoire de la criminalité. Passionant et vraiment enrichissant quand à l'histoire de la ville.
> Pédaler le long de la promenade Samuel de Champlain, le long du Saint Laurent et profiter de la douceur de vivre (surtout le printemps et l'été).
> Découvrir la culture amérindienne au coeur de la réserve Huron Wandate.
> S'impregner de l'histoire de la ville en visitant l'étonnante citadelle de Québec, en forme d'étoile. Apprendre pourquoi un bélier figure l'emblème du 22ème régiment.
> S'immerger dans la culture canadienne en allant voir un match de hockey à la patinoire du colisée Pepsi.";17;36;0;0;0;0;1;3;3;3;1;1;0;0;46.812048;-71.204406;;;;;
non;Canada;Toronto;;;"> N'hésitez pas à acheter le City Pass, avantageux dans cette ville et qui en plus sert de billet coupe-file.
> Monter au sommet de la CN tower en empruntant son ascenseur transparent pour avoir une vue 360° de la ville (inclus dans le CityPass).
> Déambuler dans le Distillery District. Les amateurs de bière pourront y découvrir des bières locals, et les autres profiter de son architecture très mignonne.
> Visiter le Hockey Hall of Fame, typique de la ville.
> Pour les fans du Moyen Age, assister au spectacle ""Medievale Times"". Bon dans le temps assuré";22;30;0;0;0;1;1;3;3;3;3;1;0;0;43.6425696;-79.3873293;;;;;
non;Canada;Vancouver;;;;18;35;0;1;1;1;1;3;3;3;1;1;0;0;49.2694395;-123.2589868;;;;;
non;Chili;Ile de Pâques;;;"> Observer les petroglyphes marin de Papa Vaka
> Visiter l'ancien centre cérémoniel Pascuan d'Orongo, sur les flanc du volcan Rano Kau.
> S'interroger devant les Moaï (statues de l'île de Pâques) du ahu Tongariki.
> Bronzer sur le sable blanc bordé de palmier de la plage de Anakena.";25;;2;2;2;1;1;3;3;3;3;3;3;2;-27.0911234;-109.3779564;;;;;
non;Chili;Santiago;oui;;"ASTUCES
 > Le taux de change sera plus avantageux ?antiago que dans le reste du pays. 
 > Sky airlines propose des tarifs en avion ?eine plus cher que le bus.";14;19;3;3;1;1;1;1;1;1;1;1;1;3;-33.4378394;-70.6507532;;;;;
non;Chine;Hong Kong;;;"> De nuit, musarder sur le marché de Temple street où se côtoient vendeurs de souvenirs, cartomancienne, street food, chanteurs d'opéras cantonnais ...
> Monter au sommer du Pic Victoria pour une vue insaisissable sur la baie de Hong Kong.
> Se prendre pour une star en comparant ses traces de mains à celles des stars Hong Kongaise le long de l'avenue des stars.
> Se perdre dans les ruelles du vieux Hong Kong.
> Déguster un Dim Sum
> Flâner sur le front de mer de Tsim sha Tsui en regardant la silhouette de la ville se découper de l'autre côté de la baie.";15;29;3;3;3;2;0;0;0;0;0;2;3;3;22.286178;114.1566148;;;;;
non;Chine;Pekin;oui;;"> Musarder dans le marché nocturne de Temple Street où se cotoit vendeurs de souvenirs, chanteurs d'opéra, voyante, street food ....
> Monter au sommer du Pic Victoria pour une vue insaisissable sur les grattes-ciel et le port.
> 3 périodes par an, vivre des moments magiques avec un spectacle son et lumière en 3D  projetés sur le Centre culturel de Hong Kong (Pulse 3D light show)";8;21;0;0;0;1;3;3;0;2;3;1;0;0;39.916427;116.3965726;;;;;
non;Chine;Shangai;;;"> Boire un verre au Vue Bar pour une vue imprenable sur Shanghai
> Balader dans les jardins Yuyuan et se retrouver dans l'atmosphère de la dynastie Ming
> Découvrir un hobby millénaire et s'étonner devant l'enthousiasme des chinois pour une lutte opposants... 2 criquets (ou autres insectes). Tous  les matins rue Liuhekou.
> Se promener sur le Bund, célèbre promenade de Shanghai";10;27;1;1;1;2;3;2;2;2;2;3;1;1;31.2396935;121.4996185;;;;;
non;Colombie;Bogota;oui;;"> Déambuler dans le quartier de la Candelaria, centre historique de la ville
> Se méler aux spectateurs lors d'un match de foot et profiter de l'ambiance électrique.
> Consacrer un moment à la visite du Musée de l'Or et admirer la plus importante collection d'orfèvrerie pré-colombienne
> Faire une excursion à 1h au nord de la ville pour ressentir l'atmosphèremystique de la cathédrale de sel, creuser à 180m de profondeur.";10;11;3;3;2;1;2;2;2;2;3;2;2;2;4.6682475;-74.1011817;;;;;
oui;Costa Rica;San Jose;oui;"Située à 1200 mètre d’altitude et entourée de montagnes et de volcans, San José a été fondée en 1738 et devient la capitale du Costa Rica en 1823. La ville a été bâtie grâce au commerce du café dont les plantations entourent toujours la ville.
San José a conservé peu de bâtiments coloniaux, mais le théâtre national construit en 1890 vaut le détour. Le musée du Jade, le musée de l’or ou encore le musée national vous en apprendront plus sur l’histoire de la civilisation costaricienne.
Bien qu'on y trouve musées, restos et sorties nocturnes, San José est souvent considérée comme une étape par les touristes plus attiré par les richesses naturelles du Costa Rica. Allez faire un tour au marché central et vous comprendrez pourquoi San José gagne à être connue. Le charme de la ville et l’accueil des habitants (les Ticos) y sont très agréables.";"> Se rendre à la Esmeralda vers 23 heures et profiter de la musique jouée par les trios ou les mariachis qui attendent les clients.
 > Aller au Jazz Café, le meilleur club de jazz de la capitale.
> Aller visiter le musée du Jade, le musée de l'or et le musé national.
 > Préparer une randonnée au Parc National Rincon de la Vieja.
 > Découvrir le rafting.
 > Jouer dans l'un des casinos";10;25;3;3;3;3;0;0;0;0;0;0;3;3;9.9358449;-84.1037328;;;;;
non;Croatie;Dubrovnik;;;"> Arpenter les rues de la vielle ville pour son ambiance médiévale
> Visiter l'arboretum ainsi que le fort Fort Lovrijenac et rejouer les scènes de Game of Throne (le site représente Port Réal)
> Aller boire un verre et prendre un bain au Buza Bar";23;44;1;1;1;3;3;3;3;3;3;2;0;1;42.6414002;18.1084066;;;;;
non;Croatie;Zagreb;oui;;"> Flâner le dimanche matin sur la brocante sur la place Britanski trg.
> Découvrir la ville en vélo.
> S'arréter à la place des fleurs pour boire un café et manger un Strukli.
> Déguster la cuisine traditionnelle telle que la Kulen, le janjetina ou le délicieux Zagrebacki odrezak.
> Monter au sommet de la tour Lotrscak pour une vision 360° de la ville. On tire un coup de canon tous les midis depuis plus de 100 ans depuis cet endroit.";10;22;0;1;1;1;2;3;3;3;3;2;1;0;45.8082042;15.9670908;;;;;
non;Cuba;La Havane;oui;;"> Siroter un Cuba libre ou un mojito sur une terasse
 
 > Si l'on est amateur, fumer un habano (authentique cigare cubain), roulé à la main exclusivement par des femmes
 
 > Déguster un congri, plat national cubain.
 
 > Se rendre au célébrissime cabaret Tropicana ou au café Habana.
 
 > Pratiquer plongée sous-marine et sports nautiques au Marina Hemingway.
 
 > Flâner sur le Malécon.";22;14;3;3;3;3;2;2;2;2;2;2;3;3;23.1420513;-82.3765157;;;;;
non;Danemark;Copenhague;oui;;"> Vivre l'ambiance joyeuse et débridée du quartier de Nyhavn.
> Admirer la collection d'oeuvre de Gaughin récolter par le fils du fondateur de la brasserie Carlsberg.
> Visiter la ville utopique et alternative de Christiana, pleine de couleurs.
> Aller saluer la Petite Sirène, seule sur son rocher";24;46;0;0;0;1;1;3;3;3;3;1;1;0;55.6813545;12.575494;;;;;
non;Égypte;Caire;oui;Les origines du Caire remontent au 4ème siècle, avec la fondation par les romains d'une citadelle forteresse nommée Babylone (encore visible dans la ville).  ;"> Bien evidemment visiter les pyramides, dernières des 7 merveilles encore debout. Y aller tôt pour avoir l'occasion de voir l'intérieur. Les billets sont limités. 
> Se promener dans le quartier Khan El Khallili où l'on peut fumer la chicha.
> Se sentir tout petit face au colosse de Ramsès 2, statue couchée inachevée de 10 mètres de long.
> En apprendre plus sur la vie des anciens égyptiens en découvrant le village des égyptiens.
> Longer les bords du Nil et y admirer les couchers de soleil.
> Se mêler à la foule des souks et des bazars.
> Bien evidemment visiter les pyramides, dernières des 7 merveilles encore debout. Y aller tôt pour avoir l'occasion de voir l'intérieur. Les billets sont limités. ";7;17;1;1;3;3;3;2;1;2;3;3;3;2;30.0448978;31.215365;;;;;
non;Émirats Arabes Unis;Abou Dabi;oui;;"> Découvrir le mode de vie nomade sur la réplique d'un camp Bedouin à l'Heritage village (près du Marina Mall).
> Essayer de nouvelles saveurs avec un capuccino au lait de chameau ou un burger de chameau au Emirates Palace.
> Visiter l'impressionante Mosquée Cheikh Zayed et sa bibliothèque (ouverte au non musulman, visite guide possible).
> Pour les passionés de rapace, faire un tour à l'hôpital des Faucons où des visites sont organisées.
> Etre impresionné par la dextérité des femmes dans l'art de la vannerie, du tissage et de la broderie au Woman Craft center (parfait pour acheter les cadeaux).";36;41;3;3;3;3;2;1;0;0;1;2;3;3;25.0627184;55.1307613;;;;;
oui;Espagne;Barcelone;;"Capitale d’une province longtemps indépendante, la Catalogne, Barcelone possède un patrimoine culturel différent du reste de l’Espagne. Située entre collines et plages, c’est la plus flamboyante des villes espagnoles. Le cœur de la ville est composé de petites ruelles et de placettes obscures lui donnant un charme certain. 
Des bâtiments plus modernes se sont développés à la périphérie du quartier médiéval, dont un grand nombre sont nés de l’imagination d’Antoni Gaudí. La Sagrada Familia, toujours inachevée, en est l’exemple le plus connu.
Son climat, sa gastronomie, sa culture et sa mythique équipe de football en font une ville aux multiples attraits. Mais il faut attendre la nuit pour découvrir pourquoi Barcelone est plébiscitée par la jeunesse européenne.";"> S'attabler dans un bar à tapas au marché de la Boqueria
 
 > Profiter de l'animation du quartier des Ramblas
 
 > Admirer les jeux d'éclairage et de jets d'eaux des fontaines de Montjuic 
 
 > Assister à une course de taureaux
 
 > Si vous n'êtes pas pudique, rendez-vous à la plage nudiste de Mar Bella
 
 > S'immerger dans l'ambiance électrique d' un match de football de la fameuse équipe de Barcelone";12;42;2;2;3;3;3;3;3;3;3;3;3;2;41.4031105;2.1762023;;;;;
non;Espagne;Madrid;oui;;"> Savourer des tapas dans l'un des bars de la capitale.
 
 > Se rendre le dimanche matin au quartier ""la Latina"" pour chiner divers objets sur le marché du Rastro.
 
 > Sortir le 31 décembre à la Puerta del Sol pour fêter au son de cloche le Nouvel An.
 
 > Passer à la ""Casa del Pueblo"" célèbre pour le flamenco.";15;38;1;1;1;1;1;3;3;3;3;2;1;1;40.413888;-3.6930927;;;;;
non;Espagne;Valence;;;;14;25;1;1;1;2;3;3;3;3;3;3;2;1;39.4563455;-0.3535052;;;;;
non;États-Unis;Boston;;;"> Se promener sur le campus de Harvard (à défaut d'y avoir fait ses études...).
> Voir les principaux lieux historique de la ville par soi-même en suivant la ""freedom trail"", ligne de 4km en brique rouge sur le sol pour vous guider à travers la révolution américaine. Une carte avec des explications est disponible au bureau du tourisme pour quelques dollars.
> Se rassasier pour un prix raisonnable au Quincy Market.
> Se laisser guider dans la magnifique bibliothèque de la ville.
> En apprendre plus sur les étoiles les mercredis soirs au Coit Observatory (gratuit)
> Flâner dans Beacon Hill pour le charme de ce quartier aux maisons victoriennes.
> Pensez à prendre un city pass si vous comptez cumulez les visites payantes. Elle est rentabilisé au bout de la 3ème entrée.";34;44;0;0;0;1;1;3;3;3;3;1;1;0;42.354411;-71.0667946;;;;;
non;États-Unis;Las Vegas;;;"> Admirer le spectacle aquatique, musical et lumineux de 8 minutes sur les fontaines du fameux Bellagio.  Toutes les 30 minutes, on voux conseille d'arriver au moins 15 minutes en avance.
> Se promener dans un gigantesque jardin botanique, en plein coeur du désert au Bellagio Conservatory and Botanical Gardens, ouvert 7/7, 24h/24 et gratuit.
> Se régaler avec le Craving's buffet du Mirage, un dessert à la Sugar Factory ou encore un steak au Carnevino (parmi les meilleurs grills du monde)
> Pour les amateurs d'art, arrétez-vous à la Gallery of fine art pour y contempler des Picasso, Degas et autres.
> En prendre plein les yeux avec la Fremont street expérience et son écran géant de 460 mètre.
> Se promener sur la Strip, l'artère principale de la ville et y contempler les très luxueux hotels.
> Faire le tour du monde en visitant la ville : entre la réplique de la tour eiffel, des pmyramides, de Venise ... il y a de quoi voyager.
> Faire une excursion pour voir le très célèbre grand canyon, situé non loin de là (version US).";12;43;2;3;3;2;1;1;0;0;1;3;3;3;36.1122667;-115.1782286;;;;;
non;États-Unis;Los Angeles;;;> Se promener près des Stars (ou presque) sur le Walk of Fame, et comparer vos empreintes de mains avec les leurs au théatre chinois TCL.;28;39;1;1;1;1;3;3;3;3;3;3;1;1;34.0563901;-118.2499271;;;;;
non;États-Unis;Miami;;;"> Découvrir la faune (alligators, lamantins, ...) et flore si particulières des everglades.
> Se dépayser en flânant dans la little Havana.
> Profiter de South Beach, son sable chaud, sa mer azur... et ses postes de secours, chacun unique et différend.
> Prendre la route des Keys Island, qui relient 1000 îles et îlots... impressionant et une attraction en soit.
> S'immerger dans le côté branché de la ville, le soir sur Ocean drive.
> Participer à un cours de yoga (gratuit) au bord de l'eau pour un moment relax.
> Si vous êtes du genre ""fan des stars"", un tour de bateau pour voir les villas hors de prix des stars mondiales comme Shakira.";25;46;3;3;3;3;2;2;2;2;0;0;3;3;25.7872534;-80.1958926;;;;;
oui;États-Unis;New York;;"Découverte en 1524 par le navigateur italien Giovanni da Verrazzano, les premiers colons Néerlandais s’y installèrent en 1624 et pour former la colonie de la ""Nouvelle-Amsterdam"". Conquise en 1664 par les Anglais, la ville prend le nom de New York. Place stratégique dans la guerre d'indépendance américaine (1775 -1783) la ville devint une métropole mondiale au début du XXème siècle.
Porte d’entrée des Etas-Unis depuis 1820, la ""Big Apple"" est très cosmopolite. Davantage internationale qu’américaine, chaque communauté se concentre dans un endroit de la ville : Chinatown, Little Italy ou encore Harlem en sont toujours de bons exemples.
Plébiscitée par les voyageurs du monde entier, il y a énormément de choses à voir à New York. Statue de la liberté, Empire State Building, pont de Brooklyn (voir photo), Central Park ou encore Times Square, impossible de s’ennuyer à New York !";"> Visiter l'Empire State Building de nuit (il ferme à 2h du matin). Avantages: éviter l'interminable file d'attente et avoir une vue splendide de NY de nuit.
> Assister à une messe gospel dans Harlem pour ressentir la joie et la ferveur des fidèles. Nous conseillons Convent Avenue Baptist Church ou Mother Zion Church.
> Pour le shopping, direction l'emblématique Macy's. 12 étages, 1 hectare de rayonnage ... Astuce: présentez-vous au Visitor center avec votre ID pour bénéficier des 10% de réduction accordés aux touristes.
> Pique-niquer et se balader dans Central Park: vélo, bateau, zoo, jardins aménagés, chateau ... le parc regorge de choses à faire et à voir.
> De mai à septembre, aller au Bryant Park: cours de yoga, de danse, d'escrime, festival du film ... de nombreuses activités y sont proposées gratuitement (et le WIFI).
> En prendre plein les yeux en allant à Time's Square le soir et être impressionné par l'activité incessante de l'endroit.";43;53;0;0;0;1;3;3;3;3;3;1;0;0;40.7590453;-73.9862683;;;;;
oui;États-Unis;Nouvelle Orleans;;"Fondée en 1718 par des colons français dans le delta du Mississippi, la ville a dès le début la réputation d'une ville libre et joyeuse, avec ses fêtes et ses bonnes tables. Cédé à l’empire Espagnol en 1762, puis récupérer par la France en 1800, la ville est finalement vendue aux  États-Unis en 1803 par Napoléon Bonaparte.
La Nouvelle-Orléans est l'un des joyaux des États-Unis, elle a gardé son architecture coloniale dans le quartier Français créole du Vieux Carré, célèbre pour ses balcons en fer forgé. La ville, est également connue pour être le berceau du jazz, les trompettes swinguent encore dans les rues autour de Bourbon Street.";"> Goûter un Gumbo (soupe épaisse à l'écrevisse) au marché pour quelques dollars.
> Déambuler dans le vieux carré, quartier le plus emblématique de la ville.
> S'attabler au ""Café du monde"" pour tester leur fameux beignet.
> Embarquer sur un steamboat pour une croisière de 2h sur le Mississipi.
> S'installer au ""Spotted Cat"" pour un concert de musique jazz ou country (entrée gratuite).
> Louer une voiture pour se rendre à la plantation Houmas House, et se visiter avec un guide en tenue d'époque.";22;33;1;2;2;2;2;2;2;2;2;3;3;1;29.9619947;-90.0623861;;;;;
non;États-Unis;San Francisco;;;"> Passer la journée au California Institute of Science. Entre la forêt tropicale, le simulateur de tremblement de terre, le cinéma ... il y a de quoi s'occuper et apprendre.
> Admirer un vision panoramique de la ville depuis les Twin Peaks.
> Pique niquer au Palace of Fine art, un grand parc avec un très beau théatre construit pour l'exposition universelle de 1910.
> Visiter la fameuse prison d'Alcatraz. Pensez à emporter un pique-nique afin de pouvoir s'installer tranquillement sur les tables prévues à cet effet un fois là-bas.
> Prendre un des ""Cable car"" (tram), les derniers opérationnels au monde et qui, malgrè leur lenteur, font partie du charme de la ville.
> Aller à Sausalito, mignonne petite ville avec une magnifique vue sur SF. De plus, cela vous donnera l'occasion de passer sur le Golden Bridge ! Immanquable";45;46;1;1;1;1;3;3;3;3;3;3;3;1;37.7685303;-122.4753509;;;;;
non;États-Unis;Washington;oui;;"> Laissez vous charmer par une représentation de l'orchestre symphonique national des États-Unis au centre Kennedy.
 
 > Visiter la fameuse maison blanche. Attention: arriver 15 minutes en avance, avoir sur soi son passeport et interdiction aux sacs, appareils photos, bouteille d'eau... 
 
 > Voguer à bord d'un bateau sur la rivière Potomac en appréciant la vue.
 
 > Profiter de la verdure du parc Lafayette.
 
 > Déambuler dans les rues de Chinatown.
 
 > Contempler depuis le pont Théodore Roosevelt la ville de Washington qui s'illumine au crépuscule";27;46;0;0;1;1;3;3;2;3;3;1;1;0;38.8976972;-77.0367739;;;;;
non;Finlande;Helsinki;;;"> Flâner sur l'esplanade par une nuit blanche de juin.
> Garder les yeux visser au ciel dans l'espoir d'apercevoir une aurore boréale (entre février et avril)
> Prendre une pause au café Fazer sans oublier de goûter leurs délicieux chocolats.";;55;0;0;0;0;1;1;3;3;1;1;0;0;60.1683675;24.9598481;;;;;
non;France;Bordeaux;;;"> Faire un arrêt dans un magasin Baillardran pour déguster un véritable canelé
> Se faire plaisir sans se ruiner en faisant un tour dans un des magasins d'usine de grandes marques, le long des quais
> A vélo, faire le tour des vignobles du Pessac Leognan pour découvrir les meilleurs vins de la région (Pape Clément, Haut Bailly ...).
> Traverser la plus grande place d'Europe, la place des Quiconces et observer la fontaine des Girondins";23;31;2;2;2;2;2;3;3;3;3;2;2;2;44.8415719;-0.570082;;;;;
non;France;Lyon;;;"> Pour les gourmands, éveiller ses sens en promenant dans les halles de Lyon.
> Les jours de beaux temps, balader au parc de la tête d'or et voir le zoo (gratuit).
> Dîner dans un des fameux bouchon lyonnais et déguster une spécialité (graton, quenelle, abats, tarte à la praline ...).
> Boire un verre sur une péniche des quais du Rhones.
> Déambuler dans les ruelles pavés du vieux Lyon.
> Monter à Fourvière pour une vue imprenable sur la ville.
> Savourer une glace chez Nardone, meilleur glacier artisanal de la région.
> Venir le weekend du 8 décembre pour la fête des lumières où les façades des monuments se parent de jeux de lumières et de musique.";20;28;1;2;2;2;2;3;3;3;3;2;2;2;45.7635056;4.8492387;;;;;
non;France;Nice;;;;18;43;2;2;2;2;3;3;3;3;3;3;2;2;43.6950824;7.2576875;;;;;
oui;France;Paris;oui;"A l’origine une petite ville gallo-romaine appelé Lutèce, la ville s’est développé jusqu’à devenir la capitale de la France. Berceau de la révolution Française, c’est ici que sont nés les idées des lumières, notamment les droits de l’Homme. 
De nombreux musées et monuments mondialement connus se trouvent à Paris : le musée Louvre composé de plus de 460 000 œuvres, Notre Dame de Paris, la Tour Eiffel ou encore le chateau de Versailles.
De Victor Hugo à Woody Allen, Paris, la ville lumière, a inspirés nombres de poètes, peintres, romancier et cinéastes du monde entier. Les bords de Seine, les terrasses de cafés, les bistrots et ses nombreux parcs font de Paris une ville où il fait bon flâner en amoureux.";" > Faire une promenade en bateau-mouche de nuit pour profiter des illuminations sur les façades.
 
 > Pique-niquer sur le champs de Mars
 
 > Diner dans le quartier latin pour profiter de l'animation
 
 > Assister à l'un des multiples spectacles et concerts parisiens.

> ASTUCE: réserver en ligne (ceetiz) son billet coupe-file pour la tour eiffel afin d'économiser 1h d'attente";23;51;2;2;2;2;2;3;3;3;3;2;2;2;48.8580101;2.2946583;;;;;
non;Grèce;Athènes;oui;;"> Se balader dans les quartiers de Monastiraki et de Plaka
 
 > Assister à un spectacle Karaghiozis
 
 > Se rendre au grand marché d'Athènes ou encore au marché aux puces de Monastiraki
 
 > Passer une soirée dans une taverne et écouter les orchestres de danses traditionnelles";16;39;1;1;2;3;3;3;3;3;3;3;3;2;37.9715327;23.724527;;;;;
non;Grèce;Rhodes;;;;14;26;1;1;2;3;3;3;3;3;3;3;2;1;36.445076;28.224396;;;;;
non;Guatemala;Tikal;;;;7;14;3;3;3;3;2;0;0;0;0;2;3;3;17.2219675;-89.6232897;;;;;
oui;Hongrie;Budapest;oui;"Situé au cœur de l’Europe centrale, Budapest déploie sa splendeur sur les rives du Danube. Surnommé la ""Perle du Danube"", la ville est coupé en deux. D’un côté la colline de Buda, composé du château royal, de musées et de maison du XVIIIème siècle. De l’autre Pest, une vaste plaine où le centre économique et politique de la ville s’est développée.
Très prospère avant la seconde guerre mondiale, le nazisme puis le communisme ont appauvrie la ville. Peu à peu Budapest s’est relevé jusqu’à retrouver son lustre d’antan. Aujourd’hui Budapest est une capitale bouillonnante, jeune et pleine de vie.";"> Ecouter de la musique gratuitement dans un des nombreux bars et romkert du quartier juif 
> Parcourir le cimetière bucolique de Kerepesi.
> Participer au festival de Sziget, plus grande manifestation théâtrale et musicale d'Europe centrale.
> Se joindre à un free walking tour pour découvrir la ville (disponible en anglais ou espagnol).
> Se relaxer dans une des nombreuses sources thermales réputées depuis les Romains. ASTUCE: certains proposent des réductions avant 12h ou après 17h.
> Se rendre au Château, inscrit depuis 1987 au Patrimoine mondial de l'Humanité par l'UNESCO.
> Observer la ville depuis le Mont Gellért qui abrite la citadelle.
> Faire du canoë et se détendre au parc Városliget";9;19;0;0;1;1;3;3;3;3;3;1;1;0;47.5028546;19.057073;;;;;
non;Indonésie;Jakarta;oui;;"> Visiter une des dernières fabriques traditionnelles de gong à Bogor.
> Balader dans le Taman Mini Indonesia Indah, un parc culturel où sont réunis 26 pavillons distincts représentant chacun une provine avec son architecture, ses costumes, ses musiques et ses danses traditionnels.
> S'essayer à l'art de faire son propre batik au musée du Textile (attention l'atelier ferme tôt).
> Voir un théâtre de marionnettes, érigé véritablement en art.
> Découvrir un côté plus pittoresque et historique de la ville en se promenant sur le Pelabuhan Sunda Kelapa (port). A visiter plutot de bonne heure.
> Se rendre au musée privé Museum Di Tengah Kebun, édifié dans la véranda d'un particulier.";9;14;0;0;0;2;2;3;3;3;3;2;2;0;-6.1753871;106.8249641;;;;;
non;Irlande;Dublin;oui;;"> Visiter la Guiness Storehouse pour déguster la fameuse bière et en découvrir les secrets de fabrication.
> Flâner dans le campus du Trinity Collège et en profiter pour aller voir le précieux Book of Kells.
> Découvrir le Dublin authentique en arpentant le quartier des liberties.";15;52;2;2;2;2;2;2;3;3;2;2;2;2;53.3484209;-6.2784541;;;;;
non;Islande;Reykjavik;oui;;"> Se prélasser de nuit dans les yeux sulfureuses et turquoise des piscines naturelles du Blue Lagoon.
> Réchauffer vous dans les bars le weekend
> Parcourir les 300km de la route du Cercle d'Or qi commence et termine à Reykjavic.
> Pour les aventuriers, goûter des spécialités locals tel que le Hakarl (requin faisandé).";24;50;0;0;0;1;1;1;1;1;1;1;0;0;64.142562;-21.927849;;;;;
non;Israël;Jerusalem;oui;;;17;46;1;1;1;2;3;3;3;3;3;3;3;1;31.7767006;35.2336502;;;;;
non;Italie;Florence;;;"> Balader dans la campagne environnante, l'une des plus belles d'Italie
> Redécouvrir les oeuvres de Boticelli dans la Galerie des offices (penser à réserver).
> Baladet dans le marché couvert de San Lorenzo et profiter des excellent produits locaux";19;38;1;1;2;3;3;3;3;3;3;3;1;1;43.7732178;11.2552536;;;;;
non;Italie;Naples;;;"> Découvrir les moeurs coquines des romains de l'antiquité en visitant le cabinet secret du musée d'archéologie.

> Profiter d'être dans la ville qui a vu naitre la pizza pour goûter une authentique pizza reine (aux couleurs de l'italie).
> Sortir de la ville et aller visiter Pompeï, ville antique figée depuis des siècles par l'éruption du Vésuve.";14;35;1;1;1;2;3;3;3;3;3;3;1;1;40.8493417;14.2543848;;;;;
non;Italie;Rome;oui;;"> Se sentir tout petit au pied de la statue de l'empereur Constantin au musée du capitole.
> Jeter une pièce dans la Fontaine de Trevi (en lui tournant le dos) pour être certain d'y revenir un jour.
 
 > Assister à des concerts de musique classique, de jazz et de rock.
 
 > Aller visiter le Vatican à midi pour faire moins de queue.
 
 > Sortir de Rome pour visiter les thermes de Caracalla, vestiges très bien conservés de thermes romains";20;50;1;1;1;2;3;3;3;3;3;3;1;1;41.9022329;12.4566503;;;;;
non;Italie;Venise;;;"> Faire une balade en gondole.
  (Ne pas hésiter à négocier)
 > Assister au Carnaval pour voir les magnifiques costumes
 
 > Visiter la Fenice, l'opera de Venise, un des temples les plus prestigieux de l'opera Italien.
 
 > Se perdre dans la multitudes de ses petites ruelles.
 
 > Découvrir l'art du verre sur l'île de Murano.
 
 > Goûter à l'authentique café italien sur la place Saint Marc.";18;55;1;1;1;2;3;3;3;3;3;3;1;1;45.4341705;12.3383349;;;;;
oui;Japon;Kyoto;;"Capitale du japon impérial du 9ème au 18ème siècle, Kyoto regorge d'attraits naturels et culturels tels que le fameux pavillon d'or, la forêt de bambou ou le palais impérial. C'est d'ailleurs grâce à cela qu'elle évita d'être la cible d'un bombardement atomique lors de la seconde guerre mondiale. Tout espoir de réconciliation ultérieure entre les USA et le Japon aurait été vain après de telles pertes historiques.
Au contraire de Tokyo, ville moderne et bouillonnante d'activité, Kyoto a su garder un charme désuet et son côté traditionnel. Entre ses 1000 temples bouddhistes, ses jardins parmi les plus beaux au monde, ses excellentes tables... le temps viendra à vous manquer pour tout découvrir.
Si vous y allez en Juillet, ne loupez pas le Gion Matsuri, plus beaux festivals du Japon. Ce sera aussi votre meilleure chance d'apercevoir les discrètes maikos et geishas. ";"> Visiter un (ou plusieurs) des 1600 temples que comptent la ville. Mention particulière pour le temple d'or, emblématique de la ville.
> Flâner dans le quartier traditionnel des geishas, Gion, d'en l'espoir d'en aperçevoir une entrer discrètement dans une des batisses en bois.
> Musarder sur le marché Nishiki, de loin le meilleur pour découvrir les spécialités culinaires locales.
> Gagner en zenitude dans un des jardins japonais des villas impériales.
> Passer sous les 1000 toris rouges du sanctuaire Fushimi Inari
> Balader dans les rues Sannenzaka & Ishibe Koji, qui vous donneront l'impression d'être dans un décor de film ninja.
> S'impregner de la culture nippone en allant voir un spectacle de Maiko au Yasaka Hall 
> Se perdre dans la forêt de banbom d'Arashiyama, près de Kyoto.";24;27;1;1;1;2;3;2;2;1;2;3;2;2;35.0394403;135.7285618;;;;;
non;Japon;Nagasaki;;;"> Se recueillir au musée de la bombe nucléaire.
> Balader dans le parc de la paix.
> Aller au Glover garden profiter de la vue sur le port de Nagasaki.";23;;1;1;1;2;2;0;0;2;0;2;1;1;32.7754761;129.8621213;;;;;
non;Japon;Tokyo;oui;;"> Assister au spectacle (gratuit) et étonnant de dizaines de personnes en cosplay le dimanche dans le quartier de Harajuku.
> Déambuler sur le plus grand marché au poisson du monde, Tsukiji, de préférence tôt le matin.
> Faire un voeu au temple Senso-ji
> S'immerger dans la culture nippone en allant dans un super sento (lieux de relaxation avec bains chaud (nu, thé, massage, chambre de relaxation...)
> Faire son geek dans le quartier de l'électronique, des jeux vidéos et d'informatique, Akhihabara.
> Balader le soir dans le quartier de Shibuya et profiter de l'animation.
> Prendre de la hauteur en montant au sommet de la Tour de Tokyo pour profiter de la vue sur la ville.";20;41;0;0;1;1;2;2;2;2;0;0;1;1;35.7100919;139.8103962;;;;;
non;Jordanie;Amman;oui;;;8;25;2;2;3;3;3;3;3;3;3;3;3;2;31.9540165;35.932637;;;;;
non;Jordanie;Petra;;;;15;;2;2;3;3;3;3;3;3;3;3;3;2;30.3290802;35.4441124;;;;;
non;Kenya;Nairobi;oui;;"> Approcher de près des giraffes et en apprendre plus sur elles au Giraffe Center.
> Visiter l'atelier de perles Kazuri, entièrement faites mains et revendues dans des boutiques de luxe.
> Observer les animaux sauvages dans le park national de Nairobi.
ASTUCE: Préférer les matatus (minivan locaux) aux taxis. Il vous en reviendra facilement 10 fois moins cher et les arrêts sont à la demande (taper sur l'épaule du chauffeur).";13;14;3;3;2;0;2;3;3;3;3;3;3;3;-1.3666613;36.8311446;;;;;
non;Laos;Luang Prabang;;;;6;16;3;3;2;2;1;1;0;0;1;2;3;3;19.8986086;102.1382389;;;;;
non;Laos;Vientiane;oui;;;6;12;3;3;3;3;0;0;0;0;0;3;3;3;17.9580464;102.6169315;;;;;
non;Malaisie;Kuala Lumpur;oui;;;6;24;2;0;0;0;0;2;3;2;0;0;0;0;3.1453099;101.6815901;;;;;
non;Maroc;Fes;;;;9;18;1;2;2;3;3;3;2;1;3;3;3;2;34.0292396;-5.0224494;;;;;
non;Maroc;Marrakech;;;;7;18;1;1;1;3;3;3;0;0;3;3;1;1;31.6172084;-7.9917199;;;;;
non;Mexique;Cancun;;;"> Compléter vos connaissances sur la culture maya avec une excursion à Tulumn ou Chichen Itza.
> En prendre plein les yeux en plongeant dans les eaux cristallines du parc de Kel Ha, dont la diversité des animaux est  fantastique.
> Se baigner dans le cenote de Gran Conoto ou Sac Aktum avec tortues, chauves souris... et moins touristique que celui de Ik-Kil.
> Découvrez l'histoire et la manière de déguster unn Tequila au Musée sensoriel Tequila Herradura.
> Profitez une journée de la beauté et du calme (relatif) de l'Isla Muejeres.
> Apprenez la vraie cuisine mexicaine avec le cours de cuisine de Can Cook Cancun.";11;19;3;3;3;3;2;2;2;2;2;2;3;3;21.1452425;-86.842383;;;;;
non;Mongolie;Oulan Bator;oui;;;8;14;0;0;0;0;0;1;3;1;1;0;0;0;47.9148841;106.9177042;;;;;
oui;Népal;Katmandou;oui;"Située dans les contreforts de l’Himalaya, Katmandou est le centre économique, culturel et politique du Népal. D’après l’histoire locale, elle a été bâtie il y a plus de 2000 ans. Au fil des différentes dynasties (Malla, Sha …), la vallée s’est enrichie de splendides monuments. Dans les années 1960, Katmandou devient une destination prisée des Hippies et voit se développer de nombreuses infrastructures touristiques.
La vallée de Katmandou est très riche culturellement. Elle réunit en son sein 7 sites classés au patrimoine mondial de l'UNESCO : 2 tombeaux hindous, 2 importantes Stûpas bouddhistes et 3 anciennes capitales royales. La vie quotidienne aussi vaut le coup d’œil : les ateliers d’artisanat, les temples cachés ou encore les cours où sèche le piment.
Aujourd’hui la ville se relève du séisme de 2014 et se reconstruit. Elle demeure un joyeux bazar, où l’agitation et les embouteillages n’ont d’égal que le patience et la gentillesse de sa population. Pour les sportifs, l'ascension de l'Himalaya reste un incontournable. Mais même sans cela, nous vous conseillons d’accorder une semaine à cette ville pour vous révéler son charme aux détours de ses ruelles.";;5;13;1;1;1;3;2;0;0;0;2;3;1;1;27.721414;85.3597323;;;;;
non;Nicaragua;Managua;oui;;;12,5;14;3;3;3;3;3;0;2;2;2;0;3;3;12.1256538;-86.2788069;;;;;
non;Norvège;Oslo;oui;;"> Monter sur le tremplin d'Holmenkollen pour profiter du panorama sur Oslo et son fjord.
 
 > Se prélasser dans un sauna d'Oslo.
 
 > Déguster un plat local dans un restaurant typique de la ville.
 
 > Se promener dans Frognerparken 
 
 > Assister à une représentation au théâtre de la ville.
 
 > Se rendre à l'opéra.";28;50;0;0;0;1;1;2;3;3;1;1;0;0;59.9076747;10.7361291;;;;;
non;Nouvelle-Zélande;Auckland;;;"> Lire un livre dans la bibliothèque en plein air à Marina Bay.
> Découvrir l'art Maori à l'Auckland Art Gallery (entrée gratuite).
> Monter au sommet du Mount Eden pour un panorama incroyable sur la ville.
> Aller voir un match de rugby au Stade Eden Park, ambiance assurée. 
> Observer la voutes céleste sous terre avec les vers luminescents des grottes de Waitomo (à 200 km d'Auckland).";18;36,5;3;3;3;3;3;2;2;2;2;2;2;3;-36.8596306;174.7757217;;;;;
non;Pays-Bas;Amsterdam;oui;;"> Faire des emplettes dans les multiples marchés d'Amsterdam : le marché aux fleurs flottant, le marché des antiquités , le marché Albert Cuyp...
 
 > Visiter le quartier des diamantaires et bénéficier de prix avantageux.
 
 > Faire du patin sur les canaux gelés en hiver.
 
 > Déambuler dans le quatier rouge (attention, caméra interdite).
 
 > Découvrir l'ambiance uique des coffee shop.
 
 > Pique-niquer dans le Vondel Park.
 
 > Visiter la ville comme les habitants, à bicyclette";22;58;0;0;1;2;3;3;3;3;2;1;1;1;52.3579946;4.8686484;;;;;
non;Pérou;Lima;oui;;"> Se promener dans le vieux Lima et découvrir son passé colonial.
 
 > Siroter un verre de pisco sur la place St-Martin.
 
 > Négocier le prix des marchandises au Mayorista, le grand marché-foire.
 
 > Monter en taxi et partir à la découverte des quartiers chics et résidentiels de Miraflores et de San Isidro, au sud de la ville.
 
 > Pratiquer un peu de trekking à l'Instituto Geografico Nacional.
 
 > Se détendre dans les jardins des quartiers de Miraflores, San Isidro
 
 > Se rendre à Barranco et à Chorrillos, endroit où est situé El Puente de los Suspiros (le Pont des Soupirs), lieu idyllique pour les amoureux.";9;21;3;3;3;3;3;3;3;3;3;3;3;3;-12.0461713;-77.031244;;;;;
non;Portugal;Lisbonne;oui;;"> Goûter les pâtisseries de l'Antigua Confeitera de Belém, notamment une pasteis de nata encore tiède.
> Flâner dans l'Estufa Fria, oasis hors du temps dans la ville.
 
 > Se rendre dans le quartier de Barrio Alto pour une de ses maisons de fado";11;35;1;1;2;3;3;3;3;3;3;3;3;1;-12.1206225;-77.0298484;;;;;
non;Qatar;Doha;oui;;;32;30;2;3;3;3;2;1;0;0;1;2;3;3;25.3707148;51.5444467;;;;;
oui;République Tchèque;Prague;Oui;"Située au centre des plaines de Bohême, Prague devient la capitale du Saint-Empire romain germanique en 1355. Elle est alors la troisième ville la plus peuplée d'Europe et un centre culturel et religieux très important. Sous domination Habsbourg (Autriche) pendant 400 ans la ville prend son indépendance à la fin de la première guerre mondiale et devient la capitale de la Tchécoslovaquie, puis de la République tchèque en 1993.
Surnommé la ""Ville aux cents clochés"", Prague est une ville d'une richesse culturelle fascinante. Elle a conservé les rues pavées, les nombreuses églises et son château de son passé médiéval.
Prague offres plusieurs visages à ses visiteurs, ville romantique où il fait bon se balader le soir, c’est également un des nouveaux lieux plébiscités par la jeunesse Européenne pour faire la fête, grâce notamment à ses prix très abordables.";"> Se balader sur la rue piétonne Celetna.
> Boire un verre d'absynthe dans une taverne afin de se sentir l'âme d'un poète (Verlaine, Oscar Wild et Rimbaud en consommaient).
> Gouter les bières Tchèques qui sont parmi les meilleures d'Europe.
> S'étonner devant l'étrange architecture de la maison dansante.
 > Se rendre au quartier Art Nouveau.
 > Se promener sur le quai Mazarykovo Nabrezi.
 > Flâner sur Vaclavske Namesti, les Champs-Élysées de Prague.";12;27;0;0;0;1;1;3;3;3;1;1;1;0;50.090638;14.399656;;;;;
non;Roumanie;Bucarest;oui;;"> Se balader dans le parc Herastrau.
> Commencer la soirée de fête dans un bar original comme le bicicleta.
> Visiter l'Athénée Roumain et profiter de son incroyable accoustique lors d'un concert (le prix ne dépasse pas 15 euros).
> Goûter la cuisine traditionnelle à la brasserie Caru Cu Bere.
> Sortir la nuit au ""Déjà Vu"" pour profiter de leur mise en scène du service (barman qui crache le feu pour enflammer votre verre...).
> Se découvrir l'âme d'un flambeur sans vous ruiner dans l'un des nombreux casino (mise minimal 0,30€, buffet à volonté)";7;21;0;0;0;1;2;2;3;3;3;1;1;0;44.441429;26.096827;;;;;
non;Royaume-Uni;Edimbourg;oui;;"> Vibrer au rythme des cornemuses lors du Military Tatoo, en été
> Goûter au fameux Haggis (sans demander de quoi il est constitué...)
> Lorgner sur la ville au travers du Periscope, une des plus vieilles attractions de la ville (1853)
> Assiter aux Higland Games et être impressionner par ses épreuves (lancer de tronc d'arbres , jet de panse de brebis..). Très viril même en kilt !
> Suivre le destin tragique de Marie Stuart au palais de Holyrood";14;53;2;2;2;2;2;2;3;3;2;2;2;2;55.9486908;-3.2010883;;;;;
non;Royaume-Uni;Londres;oui;;"> Aller dans le West End pour voir une représentation théâtrale ou une comédie musicale.
 
 > Boire une bière et manger un Fish'n chips dans un pub.
 
 > Se balader dans Hyde Park et Kensington Gardens.
 
 > Assister à la relève de la garde devant Buckingham Palace à 11h30 (durée : 45 minutes).
 
 > Faire les boutiques situées dans les célèbres endroits comme Oxford Streert, Regent Street, Covent Garden, King's Road, Soho, Harrod's ou encore Harvey'Nichols.
 
 > Dejeuner sur un des nombreux stands de nourriture du monde entier au marché de Camden Town.
 
 > Essayer la London Eye, la grande roue de Londres (si vous avez les moyens).";24;72;2;2;2;2;2;3;3;3;3;2;2;2;51.5082493;-0.0775694;;;;;
oui;Russie;Moscou;oui;"Moscou, capitale historique de la Russie, a subit les invasions mongoles et l’invasion de Napoléon. Délaissé par les Romanovs au profit de Saint-Pétersbourg en 1703, elle redevient le siège du pouvoir après la révolution Russe.
Nombres de choses sont à voir à Moscou, qui vous permettrons de parcourir l’histoire de la Russie : le Kremlin, la Place Rouge (photo ci-dessus), la cathédrale Saint-Basile et ses neuf dômes, le musée du KGB ou encore le mausolée de Lénine.
Malgré son aspect austère, l’ex-capitale Soviétique se métamorphose au fil du temps. Une jeunesse polyglotte, des défilés de mode et des hôtels de luxe émergent, témoignant de son ouverture. Pour autant, elle ne renie pas son passé. Aussi belle en hiver sous la neige, que sous le soleil d’été, Moscou vous captivera !";"> En prendre plein les yeux sur la place rouge, entre le Kremlin, le mausolé de Lénine et la magnifique cathédrale Basilique le bienheureux.
> Prendre un brunch à l’hôtel National avec vue sur le Kremlin.
> Admirer les décors du métro comme on admirerai un palais (quelques stations à ne pas manquer : Arbatskaya, Kievskaya, Komsomolskaya...).
> Economier en payant son billet de métro en faisant des squats à la station Vystavochaya.
> Visiter le théatre Bolchoï (ou y voir un opera si vous avez un gros budget ... ).
> Patiner sur les bassins du Parc Gorki.";9;36;0;0;0;1;1;3;3;3;1;1;0;0;55.7525259;37.6208981;;;;;
oui;Russie;Saint Petersbourg;;"Capitale de la Russie pendant deux siècles, Saint-Pétersbourg a été construite de toute pièce par le Tsar Pierre le Grand (1682 – 1725) sur un marais inhabité. Rapidement, la ville s’est dotée de palais somptueux et demeure aujourd’hui le symbole de la grandeur de la Russie des Tsars. 
Saint-Pétersbourg est inscrite à la liste du patrimoine mondiale de L’UNESCO. Elle est considérée comme une ville majeure sur le plan culturel du pays.  Elle abrite entre autre le musée de l’Ermitage (le plus grand musée d’art du monde), la cathédrale Saint-Sauveur (photo ci-dessus), plus de 250 musées et 4000 monuments classés !
C’est ici qu’a commencé la révolution Bolchevique en 1917, entrainant le déclin de la ville. Par la suite elle a été successivement appelé Pétrograd puis Léningrad. Ce n’est qu’après le référendum de 1991, à la fin de la guerre froide, que la ville a retrouvé son nom originel.";"> Explorer l'immanquable musée l'Ermitage. Acheter les billet sur internet pour ne pas faire la queue.
> Montée au sommet de la coupole dorée de la cathédrale Saint Isaac pour une vue magnifique du centre historique.
> S'immerger dans la culture locale en allant dans un bani (bains de vapeur + coup de fouet + bain froid = moins de toxines).
> Visiter l'un des emblèmes de la ville, l'église Saint Sauveur du Sang Versé.
> Se reposer de l'agitation urbaine dans un parc de l'île Elagin";6;26;0;0;0;1;1;3;3;3;1;1;0;0;59.9399684;30.3143337;;;;;
non;Singapour;Singapour;oui;;"> Faire un safari de nuit dans le zoo de Singapour.
> Observer le panorama depuis la plus haute grande roue du monde.
> Se promener sur la passerelle au coeur du Gardens by the bay, au paysage futuriste. Spectacle son et lumière gratuit à 19h45 et 20h45.
> Faire du Kayak dans les mangroves de Palau Ubin.
> Aller manger dans le quartier de china town.";16;38;0;2;0;2;2;2;2;0;2;0;0;0;1.2868533;103.8543954;;;;;
non;Suède;Stockholm;oui;;"> Dormir dans un trois mâts centenaire reconvertit en auberge de jeunesse (AF Chapman).
> Profiter de la vue depuis les globes de verre skyview.
> Se promener dans l'ambiance médiéval du quartier Gamla Stan.
> Avoir un premier aperçu de la vile avec le Free Walking Tour.
> Boire un verre au skybar Hemlin, un bar très branché du plus haut gratte ciel de la ville.
> Decouvrir le plus grand IKEA du monde et y retrouver les fameuses boulettes de viande.";25;58;0;0;0;1;1;3;3;3;1;1;1;0;59.3216697;17.8859742;;;;;
non;Suisse;Genève;;;;25;43;0;0;1;1;1;3;3;3;3;1;1;0;46.226609;6.1382926;;;;;
oui;Thaïlande;Bangkok;oui;"Initialement petit comptoir commercial bâti au 15ème siècle, ce n'est que trois siècles plus tard que Bangkok gagne son nom et devient capitale du royaume de Siam. Elle se modernise et s'agrandit sous la pression des puissances coloniales voisines, sans jamais y succomber. Tout comme le reste de la région asiatique, c'est dans les années 1960 que la ville connait son véritable essor : elle va attirer désormais nombre de multinationales, intéressées par son dynamisme et sa position privilégiée.
Aujourd'hui deux mondes vivent en harmonie : le moderne et le traditionnel. Vous pourrez aisément passer de ses quelques 400 superbes temples aux boutiques de luxe, des marchés rustiques aux soirées endiablées dans les boîtes de nuit, ou des restaurants haute gastronomie aux cantines de rue.
La capitale du ""Pays du Sourire"" a beaucoup à offrir à ceux qui prendront le temps d'y séjourner. N'ayant jamais été colonisée, elle offre une authenticité unique. Cela justifie certainement sa place dans le top des villes au monde les plus visitées.";"> Visiter le palais royal et le Wat Phra Kaew, célèbre pour son bouddha d'émeraude.
> Se promener au Pat Klong Market  ou le weekend le chatuchak market (15 000 commercants !)
> Prendre un moto taxi et ne surtout pas oublier de négocier le prix !
> Se délecter de la cuisine thaï pour 2 euros en s'asseyant dans une cantine de rue. 
> Se détendre avec un massage d'une heure pour à peine 6 euros (soit 10 fois moins qu'en France).
> Etre impressioné par la taille du bouddha couché de Wat Pho, le plus grand du pays.
> Assister à un combat de boxe thaï. C'est certes violent mais tout de même mythique.
> Visiter la maison de Jim Thompson";8;16;3;3;3;3;2;2;2;2;1;2;3;3;13.7517303;100.4919967;;;;;
non;Thaïlande;Chiang Mai;;;"> Participer à la réinsertion sociale de prisonnières en se faisant masser au Women’s Correctional Institution Centre.
> Déambuler dans le marché de la rue wualai le samedi de 16h à 22h.
> Découvrir le magnifique temple de Wat Phra Sing.";5;13;3;3;3;1;2;2;0;0;0;3;3;3;18.7886766;98.9803935;;;;;
non;Thaïlande;Chiang Rai;;;"> Aller voir l'étonnant temple blanc.
> Flâner dans le night Bazar (près de la gare routière) et faire le plein de produits locaux.
> Partir à la rencontre des femmes au long cou et découvrir leur culture.
> Goûter à un café 100% local et torréfié sur place au Doi Chang Coffee.
> Sortir de la ville pour aller découvrir le jardin de la maman du roi de Doi Jung";7;7;3;3;3;2;2;0;0;0;2;2;3;3;19.8243398;99.7622116;;;;;
non;Tunisie;Djerba;;;"> Bronzer au bord de la mer turquoise sur l'une des plages de la ville
> Le jeudi, flâner dans le quartier d'Houm Souk, découvrir l'artisanat local, les senteurs des épices ... un vrai voyage des sens.
> Se perdre en 4x4 dans le désert aux portes de la ville
>  Guellala";18;12,5;1;1;1;3;3;3;3;3;3;3;3;1;33.876918;10.8505883;;;;;
non;Tunisie;Tunis;oui;;;15;12;1;1;1;3;3;3;3;3;3;3;3;1;36.8092974;10.1341229;;;;;
non;Turquie;Ankara;oui;;;15;27;0;0;1;1;3;3;3;3;3;3;1;1;39.9167994;32.854689;;;;;
non;Turquie;Istanbul;;;"> Apprendre à faire du café turc au café du musée des arts turcs et islamiques
> Visiter la basilique Sainte Sophie, suspendue entre l'Orient et l'Occident.
> S'imprégner d'une ambiance authentique en promenant dans le quartier de Vefa
> Voir danser des Derviches Tourneurs monastère au monastère situé près de la place Tünel.
> Tester ses capacités de négociateurs au grand bazar d'Istanbul ";10;23;1;1;1;1;3;3;3;3;3;3;1;1;41.0057974;28.9751509;;;;;
non;Venezuela;Caracas;oui;;;15;20;3;3;3;3;3;3;3;3;3;3;3;3;10.4984039;-66.8994356;;;;;
non;Vietnam;Ha Noi;oui;;;7;12;1;1;2;3;2;1;0;1;2;3;3;2;21.0376902;105.8312464;;;;;
